category,brickCode,brickName,codeListName,requirement
Shoes,10001077,Shoes - General Purpose,Closure,E
Shoes,10001077,Shoes - General Purpose,Gender,E
Shoes,10001077,Shoes - General Purpose,Shoe Type,E
Shoes,10001077,Shoes - General Purpose,Sole Type,E
Shoes,10001077,Shoes - General Purpose,Toe Shape,E
Shoes,10001076,Boots - General Purpose,Closure,E
Shoes,10001076,Boots - General Purpose,Gender,E
Shoes,10001076,Boots - General Purpose,Shoe Type,E
Shoes,10001076,Boots - General Purpose,Sole Type,E
Shoes,10001076,Boots - General Purpose,Toe Shape,E
Shoes,10001070,Athletic Footwear - General Purpose,Closure,E
Shoes,10001070,Athletic Footwear - General Purpose,Gender,E
Shoes,10001070,Athletic Footwear - General Purpose,Shoe Type,E
Shoes,10001070,Athletic Footwear - General Purpose,Sole Type,E
Shoes,10001071,Athletic Footwear - Specialist,Closure,E
Shoes,10001071,Athletic Footwear - Specialist,Gender,E
Shoes,10001071,Athletic Footwear - Specialist,Shoe Type,E
Shoes,10001071,Athletic Footwear - Specialist,Sole Type,E
Shoes,10001078,Indoor Footwear - Fully Enclosed Uppers,Closure,E
Shoes,10001078,Indoor Footwear - Fully Enclosed Uppers,Gender,E
Shoes,10001078,Indoor Footwear - Fully Enclosed Uppers,Shoe Type,E
Shoes,10001078,Indoor Footwear - Fully Enclosed Uppers,Sole Type,E
Shoes,10001078,Indoor Footwear - Fully Enclosed Uppers,Toe Shape,E
Shoes,10001079,Indoor Footwear - Partially Enclosed Uppers,Closure,E
Shoes,10001079,Indoor Footwear - Partially Enclosed Uppers,Gender,E
Shoes,10001079,Indoor Footwear - Partially Enclosed Uppers,Shoe Type,E
Shoes,10001079,Indoor Footwear - Partially Enclosed Uppers,Sole Type,E
Shoes,10001079,Indoor Footwear - Partially Enclosed Uppers,Toe Shape,E
Shoes,10001081,Safety/Protective Occupational Overshoes,Closure,E
Shoes,10001081,Safety/Protective Occupational Overshoes,Gender,E
Shoes,10001081,Safety/Protective Occupational Overshoes,Shoe Type,E
Shoes,10001081,Safety/Protective Occupational Overshoes,Sole Type,E
Shoes,10001081,Safety/Protective Occupational Overshoes,Toe Shape,E
Shoes,10001082,Safety/Protective Occupational Shoes,Closure,E
Shoes,10001082,Safety/Protective Occupational Shoes,Gender,E
Shoes,10001082,Safety/Protective Occupational Shoes,Shoe Type,E
Shoes,10001082,Safety/Protective Occupational Shoes,Sole Type,E
Shoes,10001082,Safety/Protective Occupational Shoes,Toe Shape,E
Shoes,10001080,Safety/Protective/Occupational Boots,Closure,E
Shoes,10001080,Safety/Protective/Occupational Boots,Gender,E
Shoes,10001080,Safety/Protective/Occupational Boots,Shoe Type,E
Shoes,10001080,Safety/Protective/Occupational Boots,Sole Type,E
Shoes,10001080,Safety/Protective/Occupational Boots,Toe Shape,E
Apparel,10001338,Dressing Gowns,Closure,E
Apparel,10001338,Dressing Gowns,Gender,E
Apparel,10001338,Dressing Gowns,Sleeve Type,E
Apparel,10001339,Night Dresses/Shirts,Closure,E
Apparel,10001339,Night Dresses/Shirts,Gender,E
Apparel,10001339,Night Dresses/Shirts,Sleeve Type,E
Apparel,10001341,Sleep Trousers/Shorts,Closure,E
Apparel,10001341,Sleep Trousers/Shorts,Gender,E
Apparel,10001358,Sleepwear Variety Packs,Closure,E
Apparel,10001358,Sleepwear Variety Packs,Gender,E
Apparel,10001358,Sleepwear Variety Packs,Sleeve Type,E
Apparel,10001345,Bras/Basques/Corsets,Closure,E
Apparel,10001345,Bras/Basques/Corsets,Gender,E
Apparel,10001360,Underwear Variety Packs,Closure,E
Apparel,10001360,Underwear Variety Packs,Gender,E
Apparel,10006964,Beachwear/Cover Ups,Closure,E
Apparel,10006964,Beachwear/Cover Ups,Gender,E
Apparel,10006964,Beachwear/Cover Ups,Sleeve Type,E
Apparel,10008068,Swimsuit - 2+ Pieces,Closure,E
Apparel,10008068,Swimsuit - 2+ Pieces,Gender,E
Apparel,10008068,Swimsuit - 2+ Pieces,Sleeve Type,E
Apparel,10008065,Swimsuit Top,Closure,E
Apparel,10008065,Swimsuit Top,Gender,E
Apparel,10008065,Swimsuit Top,Sleeve Type,E
Bags,10001103,Wallets/Purses/Travel Document Holders,Bag Type,E
Bags,10001103,Wallets/Purses/Travel Document Holders,Closure,E
Bags,10001103,Wallets/Purses/Travel Document Holders,Gender,E
Bags,10001096,Personal Bags,Bag Type,E
Bags,10001096,Personal Bags,Closure,E
Bags,10001096,Personal Bags,Gender,E
Bags,10001096,Personal Bags,Lining Material,E
Jewelry,10001083,Anklets,Bracelet Type,E
Jewelry,10001083,Anklets,Closure,E
Jewelry,10001083,Anklets,Gender,E
Jewelry,10001083,Anklets,Jewelry Type,E
Jewelry,10001084,Bracelets,Bracelet Type,E
Jewelry,10001084,Bracelets,Closure,E
Jewelry,10001084,Bracelets,Gender,E
Jewelry,10001084,Bracelets,Jewelry Type,E
Jewelry,10001085,Brooches,Gender,E
Jewelry,10001085,Brooches,Jewelry Type,E
Jewelry,10001086,Cuff-links,Gender,E
Jewelry,10001086,Cuff-links,Jewelry Type,E
Jewelry,10001087,Earrings/Body-piercing Jewellery,Closure,E
Jewelry,10001087,Earrings/Body-piercing Jewellery,Earring Type,E
Jewelry,10001087,Earrings/Body-piercing Jewellery,Gender,E
Jewelry,10001087,Earrings/Body-piercing Jewellery,Jewelry Type,E
Jewelry,10001387,Jewellery Other,Gender,E
Jewelry,10001387,Jewellery Other,Jewelry Type,E
Jewelry,10001388,Jewellery Variety Packs,Gender,E
Jewelry,10001388,Jewellery Variety Packs,Jewelry Type,E
Jewelry,10001090,Necklaces/Necklets,Closure,E
Jewelry,10001090,Necklaces/Necklets,Gender,E
Jewelry,10001090,Necklaces/Necklets,Jewelry Type,E
Jewelry,10001090,Necklaces/Necklets,Necklace Type,E
Jewelry,10001091,Pendants,Gender,E
Jewelry,10001091,Pendants,Jewelry Type,E
Jewelry,10001092,Rings,Gender,E
Jewelry,10001092,Rings,Jewelry Type,E
Jewelry,10001092,Rings,Ring Type,E
Jewelry,10001093,Tiaras,Gender,E
Jewelry,10001093,Tiaras,Jewelry Type,E
Jewelry,10001104,Watch Accessories/Replacement Parts,Band Type,E
Jewelry,10001104,Watch Accessories/Replacement Parts,Closure,E
Jewelry,10001104,Watch Accessories/Replacement Parts,Gender,E
Jewelry,10001105,Watches,Band Type,E
Jewelry,10001105,Watches,Closure,E
Jewelry,10001105,Watches,Gender,E
Beauty,10000532,Cosmetic/MakeUp - Complexion,Beauty Area of Use,E
Beauty,10000532,Cosmetic/MakeUp - Complexion,Beauty Treatment Specialty,E
Beauty,10000532,Cosmetic/MakeUp - Complexion,Skin Type,E
Beauty,10000532,Cosmetic/MakeUp - Complexion,SPF Rating,E
Beauty,10000533,Cosmetic/MakeUp - Eyes,Beauty Area of Use,E
Beauty,10000533,Cosmetic/MakeUp - Eyes,Beauty Treatment Specialty,E
Beauty,10000533,Cosmetic/MakeUp - Eyes,Skin Type,E
Beauty,10000533,Cosmetic/MakeUp - Eyes,SPF Rating,E
Beauty,10000534,Cosmetic/MakeUp - Lips,Beauty Area of Use,E
Beauty,10000534,Cosmetic/MakeUp - Lips,Beauty Treatment Specialty,E
Beauty,10000534,Cosmetic/MakeUp - Lips,Skin Type,E
Beauty,10000534,Cosmetic/MakeUp - Lips,SPF Rating,E
Beauty,10008306,Cosmetic/MakeUp - Multizone,Beauty Area of Use,E
Beauty,10008306,Cosmetic/MakeUp - Multizone,Beauty Treatment Specialty,E
Beauty,10008306,Cosmetic/MakeUp - Multizone,Skin Type,E
Beauty,10008306,Cosmetic/MakeUp - Multizone,SPF Rating,E
Beauty,10000377,Cosmetic/MakeUp Aids/Accessories,Beauty Area of Use,E
Beauty,10000377,Cosmetic/MakeUp Aids/Accessories,Beauty Treatment Specialty,E
Beauty,10000377,Cosmetic/MakeUp Aids/Accessories,Skin Type,E
Beauty,10000377,Cosmetic/MakeUp Aids/Accessories,SPF Rating,E
Beauty,10008024,Cosmetic/MakeUp Applicators,Beauty Area of Use,E
Beauty,10008024,Cosmetic/MakeUp Applicators,Beauty Treatment Specialty,E
Beauty,10008024,Cosmetic/MakeUp Applicators,Skin Type,E
Beauty,10008024,Cosmetic/MakeUp Applicators,SPF Rating,E
Beauty,10006201,Cosmetic/MakeUp Display Test,Beauty Area of Use,E
Beauty,10006201,Cosmetic/MakeUp Display Test,Beauty Treatment Specialty,E
Beauty,10006201,Cosmetic/MakeUp Display Test,Skin Type,E
Beauty,10006201,Cosmetic/MakeUp Display Test,SPF Rating,E
Beauty,10000761,Cosmetic/MakeUp Paints/Shimmers/Glitters,Beauty Area of Use,E
Beauty,10000761,Cosmetic/MakeUp Paints/Shimmers/Glitters,Beauty Treatment Specialty,E
Beauty,10000761,Cosmetic/MakeUp Paints/Shimmers/Glitters,Skin Type,E
Beauty,10000761,Cosmetic/MakeUp Paints/Shimmers/Glitters,SPF Rating,E
Beauty,10000775,Cosmetic/MakeUp Products Other,Beauty Area of Use,E
Beauty,10000775,Cosmetic/MakeUp Products Other,Beauty Treatment Specialty,E
Beauty,10000775,Cosmetic/MakeUp Products Other,Skin Type,E
Beauty,10000775,Cosmetic/MakeUp Products Other,SPF Rating,E
Beauty,10000669,Cosmetic/MakeUp Products Variety Packs,Beauty Area of Use,E
Beauty,10000669,Cosmetic/MakeUp Products Variety Packs,Beauty Treatment Specialty,E
Beauty,10000669,Cosmetic/MakeUp Products Variety Packs,Skin Type,E
Beauty,10000669,Cosmetic/MakeUp Products Variety Packs,SPF Rating,E
Beauty,10000764,Eyelashes - False,Beauty Area of Use,E
Beauty,10000764,Eyelashes - False,Beauty Treatment Specialty,E
Beauty,10000764,Eyelashes - False,Skin Type,E
Beauty,10000764,Eyelashes - False,SPF Rating,E
Beauty,10000486,Skin Lightening,Beauty Area of Use,E
Beauty,10000486,Skin Lightening,Beauty Treatment Specialty,E
Beauty,10000486,Skin Lightening,Skin Type,E
Beauty,10000486,Skin Lightening,SPF Rating,E
Beauty,10000763,Tattoos/Stencils/Stick-on Jewellery - Temporary,Beauty Area of Use,E
Beauty,10000763,Tattoos/Stencils/Stick-on Jewellery - Temporary,Beauty Treatment Specialty,E
Beauty,10000763,Tattoos/Stencils/Stick-on Jewellery - Temporary,Skin Type,E
Beauty,10000763,Tattoos/Stencils/Stick-on Jewellery - Temporary,SPF Rating,E
Beauty,10000324,After Shave Care,Beauty Area of Use,E
Beauty,10000324,After Shave Care,Beauty Treatment Specialty,E
Beauty,10000324,After Shave Care,Skin Type,E
Beauty,10006275,After-Sun Moisturisers,Beauty Area of Use,E
Beauty,10006275,After-Sun Moisturisers,Beauty Treatment Specialty,E
Beauty,10006275,After-Sun Moisturisers,Skin Type,E
Beauty,10000327,Anti-spot Aids (Non Powered),Beauty Area of Use,E
Beauty,10000327,Anti-spot Aids (Non Powered),Beauty Treatment Specialty,E
Beauty,10000327,Anti-spot Aids (Non Powered),Skin Type,E
Beauty,10000806,Anti-spot Aids (Powered),Beauty Area of Use,E
Beauty,10000806,Anti-spot Aids (Powered),Beauty Treatment Specialty,E
Beauty,10000332,Cleansers/Cosmetics Removers (Non Powered),Beauty Area of Use,E
Beauty,10000332,Cleansers/Cosmetics Removers (Non Powered),Beauty Treatment Specialty,E
Beauty,10000332,Cleansers/Cosmetics Removers (Non Powered),Skin Type,E
Beauty,10000808,Cleansers/Cosmetics Removers (Powered),Beauty Area of Use,E
Beauty,10000808,Cleansers/Cosmetics Removers (Powered),Beauty Treatment Specialty,E
Beauty,10000719,Cooling Face/Body Misters,Beauty Area of Use,E
Beauty,10000719,Cooling Face/Body Misters,Beauty Treatment Specialty,E
Beauty,10000719,Cooling Face/Body Misters,Skin Type,E
Beauty,10000342,Exfoliants/Masks,Beauty Area of Use,E
Beauty,10000342,Exfoliants/Masks,Beauty Treatment Specialty,E
Beauty,10000342,Exfoliants/Masks,Skin Type,E
Beauty,10005727,Lip Balms,Beauty Area of Use,E
Beauty,10005727,Lip Balms,Beauty Treatment Specialty,E
Beauty,10005727,Lip Balms,Skin Type,E
Beauty,10005727,Lip Balms,SPF Rating,E
Beauty,10000810,Skin Care - Replacement Parts,Beauty Area of Use,E
Beauty,10000810,Skin Care - Replacement Parts,Beauty Treatment Specialty,E
Beauty,10000721,Skin Care Variety Packs,Beauty Area of Use,E
Beauty,10000721,Skin Care Variety Packs,Beauty Treatment Specialty,E
Beauty,10000721,Skin Care Variety Packs,Skin Type,E
Beauty,10000721,Skin Care Variety Packs,SPF Rating,E
Beauty,10000356,Skin Care/Moisturising Products,Beauty Area of Use,E
Beauty,10000356,Skin Care/Moisturising Products,Beauty Treatment Specialty,E
Beauty,10000356,Skin Care/Moisturising Products,Skin Type,E
Beauty,10000356,Skin Care/Moisturising Products,SPF Rating,E
Beauty,10000374,Skin Drying Powder,Beauty Area of Use,E
Beauty,10000374,Skin Drying Powder,Beauty Treatment Specialty,E
Beauty,10000374,Skin Drying Powder,Skin Type,E
Beauty,10000484,Toners/Astringents,Beauty Area of Use,E
Beauty,10000484,Toners/Astringents,Beauty Treatment Specialty,E
Beauty,10000484,Toners/Astringents,Skin Type,E
Beauty,10000717,Skin Products Variety Packs,Beauty Area of Use,E
Beauty,10000717,Skin Products Variety Packs,Beauty Treatment Specialty,E
Beauty,10000717,Skin Products Variety Packs,Skin Type,E
Beauty,10000717,Skin Products Variety Packs,SPF Rating,E
Beauty,10000379,Hair - Accessories,Beauty Area of Use,E
Beauty,10000379,Hair - Accessories,Beauty Treatment Specialty,E
Beauty,10000564,Hair - Aids (Non Powered),Beauty Area of Use,E
Beauty,10000564,Hair - Aids (Non Powered),Beauty Treatment Specialty,E
Beauty,10000828,Hair - Aids (Powered),Beauty Area of Use,E
Beauty,10000828,Hair - Aids (Powered),Beauty Treatment Specialty,E
Beauty,10008023,Hair - Brushes and Combs,Beauty Area of Use,E
Beauty,10008023,Hair - Brushes and Combs,Beauty Treatment Specialty,E
Beauty,10000345,Hair - Colour,Beauty Area of Use,E
Beauty,10000345,Hair - Colour,Beauty Treatment Specialty,E
Beauty,10000346,Hair - Conditioner/Treatment,Beauty Area of Use,E
Beauty,10000346,Hair - Conditioner/Treatment,Beauty Treatment Specialty,E
Beauty,10000343,Hair - False,Beauty Area of Use,E
Beauty,10000343,Hair - False,Beauty Treatment Specialty,E
Beauty,10000348,Hair - Perming,Beauty Area of Use,E
Beauty,10000348,Hair - Perming,Beauty Treatment Specialty,E
Beauty,10000368,Hair - Shampoo,Beauty Area of Use,E
Beauty,10000368,Hair - Shampoo,Beauty Treatment Specialty,E
Beauty,10000381,Hair - Styling (Non Powered),Beauty Area of Use,E
Beauty,10000381,Hair - Styling (Non Powered),Beauty Treatment Specialty,E
Beauty,10000678,Hair - Styling (Powered),Beauty Area of Use,E
Beauty,10000678,Hair - Styling (Powered),Beauty Treatment Specialty,E
Beauty,10000833,Hair Care Products - Replacement Parts,Beauty Area of Use,E
Beauty,10000833,Hair Care Products - Replacement Parts,Beauty Treatment Specialty,E
Beauty,10000834,Hair Care Products Other,Beauty Area of Use,E
Beauty,10000834,Hair Care Products Other,Beauty Treatment Specialty,E
Beauty,10000677,Hair Care Products Variety Packs,Beauty Area of Use,E
Beauty,10000677,Hair Care Products Variety Packs,Beauty Treatment Specialty,E
Beauty,10000829,Hair Curlers/Rollers,Beauty Area of Use,E
Beauty,10000829,Hair Curlers/Rollers,Beauty Treatment Specialty,E
Beauty,10000328,Bath Additives,Beauty Area of Use,E
Beauty,10000328,Bath Additives,Beauty Treatment Specialty,E
Beauty,10000328,Bath Additives,Scent Type,E
Beauty,10000813,Body Washing Other,Beauty Area of Use,E
Beauty,10000813,Body Washing Other,Beauty Treatment Specialty,E
Beauty,10000813,Body Washing Other,Scent Type,E
Beauty,10000722,Body Washing Variety Packs,Beauty Area of Use,E
Beauty,10000722,Body Washing Variety Packs,Beauty Treatment Specialty,E
Beauty,10000722,Body Washing Variety Packs,Scent Type,E
Beauty,10000334,Cleansing/Washing Accessories - Personal,Beauty Area of Use,E
Beauty,10000334,Cleansing/Washing Accessories - Personal,Beauty Treatment Specialty,E
Beauty,10000334,Cleansing/Washing Accessories - Personal,Scent Type,E
Beauty,10000330,Cleansing/Washing/Soap - Body,Beauty Area of Use,E
Beauty,10000330,Cleansing/Washing/Soap - Body,Beauty Treatment Specialty,E
Beauty,10000330,Cleansing/Washing/Soap - Body,Scent Type,E
Beauty,10000573,Wipes - Personal,Beauty Area of Use,E
Beauty,10000573,Wipes - Personal,Beauty Treatment Specialty,E
Beauty,10000573,Wipes - Personal,Scent Type,E
Beauty,10000814,Skin Tanning Products Other,Beauty Area of Use,E
Beauty,10000814,Skin Tanning Products Other,Beauty Treatment Specialty,E
Beauty,10000814,Skin Tanning Products Other,SPF Rating,E
Beauty,10000723,Skin Tanning Products Variety Packs,Beauty Area of Use,E
Beauty,10000723,Skin Tanning Products Variety Packs,Beauty Treatment Specialty,E
Beauty,10000723,Skin Tanning Products Variety Packs,SPF Rating,E
Beauty,10000373,Sun Protection Products,Beauty Area of Use,E
Beauty,10000373,Sun Protection Products,Beauty Treatment Specialty,E
Beauty,10000373,Sun Protection Products,SPF Rating,E
Beauty,10000388,Sun Tan Accelerator Products,Beauty Area of Use,E
Beauty,10000388,Sun Tan Accelerator Products,Beauty Treatment Specialty,E
Beauty,10000388,Sun Tan Accelerator Products,SPF Rating,E
Beauty,10000731,Sunless Tanning - Oral (Non Powered),Beauty Area of Use,E
Beauty,10000731,Sunless Tanning - Oral (Non Powered),Beauty Treatment Specialty,E
Beauty,10000731,Sunless Tanning - Oral (Non Powered),SPF Rating,E
Beauty,10000355,Sunless Tanning - Topical (Non Powered),Beauty Area of Use,E
Beauty,10000355,Sunless Tanning - Topical (Non Powered),Beauty Treatment Specialty,E
Beauty,10000355,Sunless Tanning - Topical (Non Powered),SPF Rating,E
